JPG;LIBELLE;GAMME
Collection-Aromacologie;Aromacologie;Collection
Collection-Eaux-Fraiches-Aromatiques;Eaux Fraiches Aromatiques;Collection
Collection-Incontournables;Incontournables;Collection
Trousse-Produits-Ingrédients;Trousses Produits;Collection
Gommage-Aromatique-aux-Epices;Gommage Aromatique aux Epices;Corps - Gommage
Purée-de-Papaye-Exfoliante;Purée de Papaye Exfoliante;Corps - Gommage
Hydratation-Masque-intense-aux-7-plantes-chinoises;Masque aux 7 plantes Chinoises;Corps - Hydratation
Hydratation-Baume-Corps-aux-3-huiles-Ayurvédiques;Baume aux 3 Huiles Ayurvédiques;Corps - Hydratation
Hydratation-Baume-Fondant-aux-Noix Tropicales;Baume Fondant aux Noix Tropicales;Corps - Hydratation
Hydratation-Huile-Universelle-Ayurvédique;Huile Universelle Ayurvédique;Corps - Hydratation
Minceur-Crème-de-Café-Amincissante;Crème de Café Amincissante;Corps - Minceur
Minceur-Crème-Minceur-Udvatana;Crème Minceur Udvatana;Corps - Minceur
Crème-Jambes-et-pieds-Légers;Crème Jambes et Pieds Légers;Corps - Pieds et mains
Crème-Main-d'ange;Crème Mains d'Anges;Corps - Pieds et mains
Crème-Pieds-Tendres;Crème Pieds Tendres;Corps - Pieds et mains
Gelée-du-Brézil;Gelée du Brézil;Corps - Rituel de Banho
Nectar-du-Brézil;Nectar du Brézil;Corps - Rituel de Banho
Eau-du-Brézil;Eau du Brézil;Corps - Rituel de Banho
Baume-Sublime-Corps;Baume Sublime;Corps - Rituel des Iles
Gommage-Sublime-Corps;Gommage Sublime;Corps - Rituel des Iles
Huile-Sublime-Corps-et-Cheveux;Huile Sublime;Corps - Rituel des Iles
Huile-Universelle-Ayurvédique;Huile Universelle Ayurvédique;Corps - Rituel du Bengalore
Pluie de Pétales de fleurs d'oranger;Pluie de Pétales de Fleurs d'Oranger;Corps - Rituel du Hammam
Pluie-de-Pétales-de-roses;Pluie de Pétales de Roses;Corps - Rituel du Hammam
Savon-noir-Beldi;Savon Noir Beldi;Corps - Rituel du Hammam
Huile-somptueuse-de-orient;Huile Somptueuse de l'Orient;Corps - Rituel du Hammam
Elixir-Precieux-Apaisant;Elixir Précieux Apaisant;Visage - Elixir
Elixir-Precieux-Nourissant;Elixir Précieux Nourissant;Visage - Elixir
Exlixir-Precieux-Eclat;Elixir Précieux Eclat;Visage - Elixir
Exlixir-Precieux-Purifiant;Elixir Précieux Purifiant;Visage - Elixir
Exlixir-Precieux-Regenerant;Elixir Précieux Régénérant;Visage - Elixir
Crème-Riche-Et-Jeunesse;Crème;Visage - Riche et Jeunesse
Serum-Riche-Et-Jeunesse;Sérum;Visage - Riche et Jeunesse
Visage-Baume-Infinité;Baume;Visage - Infinité
Visage-Concentré-Infinité;Concentré;Visage - Infinité
Visage-Creme-Infinité;Crème;Visage - Infinité
Exfoliant-Graine-Et-Fleurs;Exfoliant Graines et Fleurs;Visage - Exfoliant
Eau-Micellaire-5-fleurs;Eau Micellaire aux 5 fleurs;Visages - Eclat
Crème-Eclat-5-fleurs;Crème Eclat aux 5 fleurs;Visages - Eclat
Pate-de-fleurs;Péte de fleurs;Visage - Pureté
Creme-Confort-Intense;Crème Confort Intense;Visage - Confort
Onguant-de-jeunesse;Onguent de Jeunesse;Visage - Onguents
Masque-Kaolin-Herbes;Maque Kaolin aux Herbes;Visage - Masque
Serum-Lumière-sublime;Sérum;Visage - Lumière Sublim
